id,role_id,permission_id,permission_type,active
rp-role-admin-perm-admin-create,role-admin,perm-admin-create,PERMISSION_TYPE_ALLOW,true
rp-role-admin-perm-admin-read,role-admin,perm-admin-read,PERMISSION_TYPE_ALLOW,true
rp-role-admin-perm-admin-update,role-admin,perm-admin-update,PERMISSION_TYPE_ALLOW,true
rp-role-admin-perm-admin-delete,role-admin,perm-admin-delete,PERMISSION_TYPE_ALLOW,true
rp-role-admin-perm-admin-list,role-admin,perm-admin-list,PERMISSION_TYPE_ALLOW,true
rp-role-admin-perm-client-create,role-admin,perm-client-create,PERMISSION_TYPE_ALLOW,true
rp-role-admin-perm-client-read,role-admin,perm-client-read,PERMISSION_TYPE_ALLOW,true
rp-role-admin-perm-client-update,role-admin,perm-client-update,PERMISSION_TYPE_ALLOW,true
rp-role-admin-perm-client-delete,role-admin,perm-client-delete,PERMISSION_TYPE_ALLOW,true
rp-role-admin-perm-client-list,role-admin,perm-client-list,PERMISSION_TYPE_ALLOW,true
rp-role-admin-perm-client_attribute-create,role-admin,perm-client_attribute-create,PERMISSION_TYPE_ALLOW,true
rp-role-admin-perm-client_attribute-read,role-admin,perm-client_attribute-read,PERMISSION_TYPE_ALLOW,true
rp-role-admin-perm-client_attribute-update,role-admin,perm-client_attribute-update,PERMISSION_TYPE_ALLOW,true
rp-role-admin-perm-client_attribute-delete,role-admin,perm-client_attribute-delete,PERMISSION_TYPE_ALLOW,true
rp-role-admin-perm-client_attribute-list,role-admin,perm-client_attribute-list,PERMISSION_TYPE_ALLOW,true
rp-role-admin-perm-delegate-create,role-admin,perm-delegate-create,PERMISSION_TYPE_ALLOW,true
rp-role-admin-perm-delegate-read,role-admin,perm-delegate-read,PERMISSION_TYPE_ALLOW,true
rp-role-admin-perm-delegate-update,role-admin,perm-delegate-update,PERMISSION_TYPE_ALLOW,true
rp-role-admin-perm-delegate-delete,role-admin,perm-delegate-delete,PERMISSION_TYPE_ALLOW,true
rp-role-admin-perm-delegate-list,role-admin,perm-delegate-list,PERMISSION_TYPE_ALLOW,true
rp-role-admin-perm-delegate_attribute-create,role-admin,perm-delegate_attribute-create,PERMISSION_TYPE_ALLOW,true
rp-role-admin-perm-delegate_attribute-read,role-admin,perm-delegate_attribute-read,PERMISSION_TYPE_ALLOW,true
rp-role-admin-perm-delegate_attribute-update,role-admin,perm-delegate_attribute-update,PERMISSION_TYPE_ALLOW,true
rp-role-admin-perm-delegate_attribute-delete,role-admin,perm-delegate_attribute-delete,PERMISSION_TYPE_ALLOW,true
rp-role-admin-perm-delegate_attribute-list,role-admin,perm-delegate_attribute-list,PERMISSION_TYPE_ALLOW,true
rp-role-admin-perm-delegate_client-create,role-admin,perm-delegate_client-create,PERMISSION_TYPE_ALLOW,true
rp-role-admin-perm-delegate_client-read,role-admin,perm-delegate_client-read,PERMISSION_TYPE_ALLOW,true
rp-role-admin-perm-delegate_client-update,role-admin,perm-delegate_client-update,PERMISSION_TYPE_ALLOW,true
rp-role-admin-perm-delegate_client-delete,role-admin,perm-delegate_client-delete,PERMISSION_TYPE_ALLOW,true
rp-role-admin-perm-delegate_client-list,role-admin,perm-delegate_client-list,PERMISSION_TYPE_ALLOW,true
rp-role-admin-perm-group-create,role-admin,perm-group-create,PERMISSION_TYPE_ALLOW,true
rp-role-admin-perm-group-read,role-admin,perm-group-read,PERMISSION_TYPE_ALLOW,true
rp-role-admin-perm-group-update,role-admin,perm-group-update,PERMISSION_TYPE_ALLOW,true
rp-role-admin-perm-group-delete,role-admin,perm-group-delete,PERMISSION_TYPE_ALLOW,true
rp-role-admin-perm-group-list,role-admin,perm-group-list,PERMISSION_TYPE_ALLOW,true
rp-role-admin-perm-group_attribute-create,role-admin,perm-group_attribute-create,PERMISSION_TYPE_ALLOW,true
rp-role-admin-perm-group_attribute-read,role-admin,perm-group_attribute-read,PERMISSION_TYPE_ALLOW,true
rp-role-admin-perm-group_attribute-update,role-admin,perm-group_attribute-update,PERMISSION_TYPE_ALLOW,true
rp-role-admin-perm-group_attribute-delete,role-admin,perm-group_attribute-delete,PERMISSION_TYPE_ALLOW,true
rp-role-admin-perm-group_attribute-list,role-admin,perm-group_attribute-list,PERMISSION_TYPE_ALLOW,true
rp-role-admin-perm-location-create,role-admin,perm-location-create,PERMISSION_TYPE_ALLOW,true
rp-role-admin-perm-location-read,role-admin,perm-location-read,PERMISSION_TYPE_ALLOW,true
rp-role-admin-perm-location-update,role-admin,perm-location-update,PERMISSION_TYPE_ALLOW,true
rp-role-admin-perm-location-delete,role-admin,perm-location-delete,PERMISSION_TYPE_ALLOW,true
rp-role-admin-perm-location-list,role-admin,perm-location-list,PERMISSION_TYPE_ALLOW,true
rp-role-admin-perm-location_attribute-create,role-admin,perm-location_attribute-create,PERMISSION_TYPE_ALLOW,true
rp-role-admin-perm-location_attribute-read,role-admin,perm-location_attribute-read,PERMISSION_TYPE_ALLOW,true
rp-role-admin-perm-location_attribute-update,role-admin,perm-location_attribute-update,PERMISSION_TYPE_ALLOW,true
rp-role-admin-perm-location_attribute-delete,role-admin,perm-location_attribute-delete,PERMISSION_TYPE_ALLOW,true
rp-role-admin-perm-location_attribute-list,role-admin,perm-location_attribute-list,PERMISSION_TYPE_ALLOW,true
rp-role-admin-perm-manager-create,role-admin,perm-manager-create,PERMISSION_TYPE_ALLOW,true
rp-role-admin-perm-manager-read,role-admin,perm-manager-read,PERMISSION_TYPE_ALLOW,true
rp-role-admin-perm-manager-update,role-admin,perm-manager-update,PERMISSION_TYPE_ALLOW,true
rp-role-admin-perm-manager-delete,role-admin,perm-manager-delete,PERMISSION_TYPE_ALLOW,true
rp-role-admin-perm-manager-list,role-admin,perm-manager-list,PERMISSION_TYPE_ALLOW,true
rp-role-admin-perm-permission-create,role-admin,perm-permission-create,PERMISSION_TYPE_ALLOW,true
rp-role-admin-perm-permission-read,role-admin,perm-permission-read,PERMISSION_TYPE_ALLOW,true
rp-role-admin-perm-permission-update,role-admin,perm-permission-update,PERMISSION_TYPE_ALLOW,true
rp-role-admin-perm-permission-delete,role-admin,perm-permission-delete,PERMISSION_TYPE_ALLOW,true
rp-role-admin-perm-permission-list,role-admin,perm-permission-list,PERMISSION_TYPE_ALLOW,true
rp-role-admin-perm-role-create,role-admin,perm-role-create,PERMISSION_TYPE_ALLOW,true
rp-role-admin-perm-role-read,role-admin,perm-role-read,PERMISSION_TYPE_ALLOW,true
rp-role-admin-perm-role-update,role-admin,perm-role-update,PERMISSION_TYPE_ALLOW,true
rp-role-admin-perm-role-delete,role-admin,perm-role-delete,PERMISSION_TYPE_ALLOW,true
rp-role-admin-perm-role-list,role-admin,perm-role-list,PERMISSION_TYPE_ALLOW,true
rp-role-admin-perm-staff-create,role-admin,perm-staff-create,PERMISSION_TYPE_ALLOW,true
rp-role-admin-perm-staff-read,role-admin,perm-staff-read,PERMISSION_TYPE_ALLOW,true
rp-role-admin-perm-staff-update,role-admin,perm-staff-update,PERMISSION_TYPE_ALLOW,true
rp-role-admin-perm-staff-delete,role-admin,perm-staff-delete,PERMISSION_TYPE_ALLOW,true
rp-role-admin-perm-staff-list,role-admin,perm-staff-list,PERMISSION_TYPE_ALLOW,true
rp-role-admin-perm-staff_attribute-create,role-admin,perm-staff_attribute-create,PERMISSION_TYPE_ALLOW,true
rp-role-admin-perm-staff_attribute-read,role-admin,perm-staff_attribute-read,PERMISSION_TYPE_ALLOW,true
rp-role-admin-perm-staff_attribute-update,role-admin,perm-staff_attribute-update,PERMISSION_TYPE_ALLOW,true
rp-role-admin-perm-staff_attribute-delete,role-admin,perm-staff_attribute-delete,PERMISSION_TYPE_ALLOW,true
rp-role-admin-perm-staff_attribute-list,role-admin,perm-staff_attribute-list,PERMISSION_TYPE_ALLOW,true
rp-role-admin-perm-user-create,role-admin,perm-user-create,PERMISSION_TYPE_ALLOW,true
rp-role-admin-perm-user-read,role-admin,perm-user-read,PERMISSION_TYPE_ALLOW,true
rp-role-admin-perm-user-update,role-admin,perm-user-update,PERMISSION_TYPE_ALLOW,true
rp-role-admin-perm-user-delete,role-admin,perm-user-delete,PERMISSION_TYPE_ALLOW,true
rp-role-admin-perm-user-list,role-admin,perm-user-list,PERMISSION_TYPE_ALLOW,true
rp-role-admin-perm-workspace-create,role-admin,perm-workspace-create,PERMISSION_TYPE_ALLOW,true
rp-role-admin-perm-workspace-read,role-admin,perm-workspace-read,PERMISSION_TYPE_ALLOW,true
rp-role-admin-perm-workspace-update,role-admin,perm-workspace-update,PERMISSION_TYPE_ALLOW,true
rp-role-admin-perm-workspace-delete,role-admin,perm-workspace-delete,PERMISSION_TYPE_ALLOW,true
rp-role-admin-perm-workspace-list,role-admin,perm-workspace-list,PERMISSION_TYPE_ALLOW,true
rp-role-admin-perm-workspace_user-create,role-admin,perm-workspace_user-create,PERMISSION_TYPE_ALLOW,true
rp-role-admin-perm-workspace_user-read,role-admin,perm-workspace_user-read,PERMISSION_TYPE_ALLOW,true
rp-role-admin-perm-workspace_user-update,role-admin,perm-workspace_user-update,PERMISSION_TYPE_ALLOW,true
rp-role-admin-perm-workspace_user-delete,role-admin,perm-workspace_user-delete,PERMISSION_TYPE_ALLOW,true
rp-role-admin-perm-workspace_user-list,role-admin,perm-workspace_user-list,PERMISSION_TYPE_ALLOW,true
rp-role-admin-perm-workspace_user_role-create,role-admin,perm-workspace_user_role-create,PERMISSION_TYPE_ALLOW,true
rp-role-admin-perm-workspace_user_role-read,role-admin,perm-workspace_user_role-read,PERMISSION_TYPE_ALLOW,true
rp-role-admin-perm-workspace_user_role-update,role-admin,perm-workspace_user_role-update,PERMISSION_TYPE_ALLOW,true
rp-role-admin-perm-workspace_user_role-delete,role-admin,perm-workspace_user_role-delete,PERMISSION_TYPE_ALLOW,true
rp-role-admin-perm-workspace_user_role-list,role-admin,perm-workspace_user_role-list,PERMISSION_TYPE_ALLOW,true
rp-role-admin-perm-event-create,role-admin,perm-event-create,PERMISSION_TYPE_ALLOW,true
rp-role-admin-perm-event-read,role-admin,perm-event-read,PERMISSION_TYPE_ALLOW,true
rp-role-admin-perm-event-update,role-admin,perm-event-update,PERMISSION_TYPE_ALLOW,true
rp-role-admin-perm-event-delete,role-admin,perm-event-delete,PERMISSION_TYPE_ALLOW,true
rp-role-admin-perm-event-list,role-admin,perm-event-list,PERMISSION_TYPE_ALLOW,true
rp-role-admin-perm-event_attendee-create,role-admin,perm-event_attendee-create,PERMISSION_TYPE_ALLOW,true
rp-role-admin-perm-event_attendee-read,role-admin,perm-event_attendee-read,PERMISSION_TYPE_ALLOW,true
rp-role-admin-perm-event_attendee-update,role-admin,perm-event_attendee-update,PERMISSION_TYPE_ALLOW,true
rp-role-admin-perm-event_attendee-delete,role-admin,perm-event_attendee-delete,PERMISSION_TYPE_ALLOW,true
rp-role-admin-perm-event_attendee-list,role-admin,perm-event_attendee-list,PERMISSION_TYPE_ALLOW,true
rp-role-admin-perm-event_attribute-create,role-admin,perm-event_attribute-create,PERMISSION_TYPE_ALLOW,true
rp-role-admin-perm-event_attribute-read,role-admin,perm-event_attribute-read,PERMISSION_TYPE_ALLOW,true
rp-role-admin-perm-event_attribute-update,role-admin,perm-event_attribute-update,PERMISSION_TYPE_ALLOW,true
rp-role-admin-perm-event_attribute-delete,role-admin,perm-event_attribute-delete,PERMISSION_TYPE_ALLOW,true
rp-role-admin-perm-event_attribute-list,role-admin,perm-event_attribute-list,PERMISSION_TYPE_ALLOW,true
rp-role-admin-perm-event_client-create,role-admin,perm-event_client-create,PERMISSION_TYPE_ALLOW,true
rp-role-admin-perm-event_client-read,role-admin,perm-event_client-read,PERMISSION_TYPE_ALLOW,true
rp-role-admin-perm-event_client-update,role-admin,perm-event_client-update,PERMISSION_TYPE_ALLOW,true
rp-role-admin-perm-event_client-delete,role-admin,perm-event_client-delete,PERMISSION_TYPE_ALLOW,true
rp-role-admin-perm-event_client-list,role-admin,perm-event_client-list,PERMISSION_TYPE_ALLOW,true
rp-role-admin-perm-event_product-create,role-admin,perm-event_product-create,PERMISSION_TYPE_ALLOW,true
rp-role-admin-perm-event_product-read,role-admin,perm-event_product-read,PERMISSION_TYPE_ALLOW,true
rp-role-admin-perm-event_product-update,role-admin,perm-event_product-update,PERMISSION_TYPE_ALLOW,true
rp-role-admin-perm-event_product-delete,role-admin,perm-event_product-delete,PERMISSION_TYPE_ALLOW,true
rp-role-admin-perm-event_product-list,role-admin,perm-event_product-list,PERMISSION_TYPE_ALLOW,true
rp-role-admin-perm-event_recurrence-create,role-admin,perm-event_recurrence-create,PERMISSION_TYPE_ALLOW,true
rp-role-admin-perm-event_recurrence-read,role-admin,perm-event_recurrence-read,PERMISSION_TYPE_ALLOW,true
rp-role-admin-perm-event_recurrence-update,role-admin,perm-event_recurrence-update,PERMISSION_TYPE_ALLOW,true
rp-role-admin-perm-event_recurrence-delete,role-admin,perm-event_recurrence-delete,PERMISSION_TYPE_ALLOW,true
rp-role-admin-perm-event_recurrence-list,role-admin,perm-event_recurrence-list,PERMISSION_TYPE_ALLOW,true
rp-role-admin-perm-event_resource-create,role-admin,perm-event_resource-create,PERMISSION_TYPE_ALLOW,true
rp-role-admin-perm-event_resource-read,role-admin,perm-event_resource-read,PERMISSION_TYPE_ALLOW,true
rp-role-admin-perm-event_resource-update,role-admin,perm-event_resource-update,PERMISSION_TYPE_ALLOW,true
rp-role-admin-perm-event_resource-delete,role-admin,perm-event_resource-delete,PERMISSION_TYPE_ALLOW,true
rp-role-admin-perm-event_resource-list,role-admin,perm-event_resource-list,PERMISSION_TYPE_ALLOW,true
rp-role-admin-perm-framework-create,role-admin,perm-framework-create,PERMISSION_TYPE_ALLOW,true
rp-role-admin-perm-framework-read,role-admin,perm-framework-read,PERMISSION_TYPE_ALLOW,true
rp-role-admin-perm-framework-update,role-admin,perm-framework-update,PERMISSION_TYPE_ALLOW,true
rp-role-admin-perm-framework-delete,role-admin,perm-framework-delete,PERMISSION_TYPE_ALLOW,true
rp-role-admin-perm-framework-list,role-admin,perm-framework-list,PERMISSION_TYPE_ALLOW,true
rp-role-admin-perm-objective-create,role-admin,perm-objective-create,PERMISSION_TYPE_ALLOW,true
rp-role-admin-perm-objective-read,role-admin,perm-objective-read,PERMISSION_TYPE_ALLOW,true
rp-role-admin-perm-objective-update,role-admin,perm-objective-update,PERMISSION_TYPE_ALLOW,true
rp-role-admin-perm-objective-delete,role-admin,perm-objective-delete,PERMISSION_TYPE_ALLOW,true
rp-role-admin-perm-objective-list,role-admin,perm-objective-list,PERMISSION_TYPE_ALLOW,true
rp-role-admin-perm-task-create,role-admin,perm-task-create,PERMISSION_TYPE_ALLOW,true
rp-role-admin-perm-task-read,role-admin,perm-task-read,PERMISSION_TYPE_ALLOW,true
rp-role-admin-perm-task-update,role-admin,perm-task-update,PERMISSION_TYPE_ALLOW,true
rp-role-admin-perm-task-delete,role-admin,perm-task-delete,PERMISSION_TYPE_ALLOW,true
rp-role-admin-perm-task-list,role-admin,perm-task-list,PERMISSION_TYPE_ALLOW,true
rp-role-admin-perm-payment-create,role-admin,perm-payment-create,PERMISSION_TYPE_ALLOW,true
rp-role-admin-perm-payment-read,role-admin,perm-payment-read,PERMISSION_TYPE_ALLOW,true
rp-role-admin-perm-payment-update,role-admin,perm-payment-update,PERMISSION_TYPE_ALLOW,true
rp-role-admin-perm-payment-delete,role-admin,perm-payment-delete,PERMISSION_TYPE_ALLOW,true
rp-role-admin-perm-payment-list,role-admin,perm-payment-list,PERMISSION_TYPE_ALLOW,true
rp-role-admin-perm-payment_method-create,role-admin,perm-payment_method-create,PERMISSION_TYPE_ALLOW,true
rp-role-admin-perm-payment_method-read,role-admin,perm-payment_method-read,PERMISSION_TYPE_ALLOW,true
rp-role-admin-perm-payment_method-update,role-admin,perm-payment_method-update,PERMISSION_TYPE_ALLOW,true
rp-role-admin-perm-payment_method-delete,role-admin,perm-payment_method-delete,PERMISSION_TYPE_ALLOW,true
rp-role-admin-perm-payment_method-list,role-admin,perm-payment_method-list,PERMISSION_TYPE_ALLOW,true
rp-role-admin-perm-payment_profile-create,role-admin,perm-payment_profile-create,PERMISSION_TYPE_ALLOW,true
rp-role-admin-perm-payment_profile-read,role-admin,perm-payment_profile-read,PERMISSION_TYPE_ALLOW,true
rp-role-admin-perm-payment_profile-update,role-admin,perm-payment_profile-update,PERMISSION_TYPE_ALLOW,true
rp-role-admin-perm-payment_profile-delete,role-admin,perm-payment_profile-delete,PERMISSION_TYPE_ALLOW,true
rp-role-admin-perm-payment_profile-list,role-admin,perm-payment_profile-list,PERMISSION_TYPE_ALLOW,true
rp-role-admin-perm-payment_attribute-create,role-admin,perm-payment_attribute-create,PERMISSION_TYPE_ALLOW,true
rp-role-admin-perm-payment_attribute-read,role-admin,perm-payment_attribute-read,PERMISSION_TYPE_ALLOW,true
rp-role-admin-perm-payment_attribute-update,role-admin,perm-payment_attribute-update,PERMISSION_TYPE_ALLOW,true
rp-role-admin-perm-payment_attribute-delete,role-admin,perm-payment_attribute-delete,PERMISSION_TYPE_ALLOW,true
rp-role-admin-perm-payment_attribute-list,role-admin,perm-payment_attribute-list,PERMISSION_TYPE_ALLOW,true
rp-role-admin-perm-payment_term-create,role-admin,perm-payment_term-create,PERMISSION_TYPE_ALLOW,true
rp-role-admin-perm-payment_term-read,role-admin,perm-payment_term-read,PERMISSION_TYPE_ALLOW,true
rp-role-admin-perm-payment_term-update,role-admin,perm-payment_term-update,PERMISSION_TYPE_ALLOW,true
rp-role-admin-perm-payment_term-delete,role-admin,perm-payment_term-delete,PERMISSION_TYPE_ALLOW,true
rp-role-admin-perm-payment_term-list,role-admin,perm-payment_term-list,PERMISSION_TYPE_ALLOW,true
rp-role-admin-perm-expenditure-create,role-admin,perm-expenditure-create,PERMISSION_TYPE_ALLOW,true
rp-role-admin-perm-expenditure-read,role-admin,perm-expenditure-read,PERMISSION_TYPE_ALLOW,true
rp-role-admin-perm-expenditure-update,role-admin,perm-expenditure-update,PERMISSION_TYPE_ALLOW,true
rp-role-admin-perm-expenditure-delete,role-admin,perm-expenditure-delete,PERMISSION_TYPE_ALLOW,true
rp-role-admin-perm-expenditure-list,role-admin,perm-expenditure-list,PERMISSION_TYPE_ALLOW,true
rp-role-admin-perm-expenditure_attribute-create,role-admin,perm-expenditure_attribute-create,PERMISSION_TYPE_ALLOW,true
rp-role-admin-perm-expenditure_attribute-read,role-admin,perm-expenditure_attribute-read,PERMISSION_TYPE_ALLOW,true
rp-role-admin-perm-expenditure_attribute-update,role-admin,perm-expenditure_attribute-update,PERMISSION_TYPE_ALLOW,true
rp-role-admin-perm-expenditure_attribute-delete,role-admin,perm-expenditure_attribute-delete,PERMISSION_TYPE_ALLOW,true
rp-role-admin-perm-expenditure_attribute-list,role-admin,perm-expenditure_attribute-list,PERMISSION_TYPE_ALLOW,true
rp-role-admin-perm-expenditure_line_item-create,role-admin,perm-expenditure_line_item-create,PERMISSION_TYPE_ALLOW,true
rp-role-admin-perm-expenditure_line_item-read,role-admin,perm-expenditure_line_item-read,PERMISSION_TYPE_ALLOW,true
rp-role-admin-perm-expenditure_line_item-update,role-admin,perm-expenditure_line_item-update,PERMISSION_TYPE_ALLOW,true
rp-role-admin-perm-expenditure_line_item-delete,role-admin,perm-expenditure_line_item-delete,PERMISSION_TYPE_ALLOW,true
rp-role-admin-perm-expenditure_line_item-list,role-admin,perm-expenditure_line_item-list,PERMISSION_TYPE_ALLOW,true
rp-role-admin-perm-expenditure_category-create,role-admin,perm-expenditure_category-create,PERMISSION_TYPE_ALLOW,true
rp-role-admin-perm-expenditure_category-read,role-admin,perm-expenditure_category-read,PERMISSION_TYPE_ALLOW,true
rp-role-admin-perm-expenditure_category-update,role-admin,perm-expenditure_category-update,PERMISSION_TYPE_ALLOW,true
rp-role-admin-perm-expenditure_category-delete,role-admin,perm-expenditure_category-delete,PERMISSION_TYPE_ALLOW,true
rp-role-admin-perm-expenditure_category-list,role-admin,perm-expenditure_category-list,PERMISSION_TYPE_ALLOW,true
rp-role-admin-perm-inventory_item-create,role-admin,perm-inventory_item-create,PERMISSION_TYPE_ALLOW,true
rp-role-admin-perm-inventory_item-read,role-admin,perm-inventory_item-read,PERMISSION_TYPE_ALLOW,true
rp-role-admin-perm-inventory_item-update,role-admin,perm-inventory_item-update,PERMISSION_TYPE_ALLOW,true
rp-role-admin-perm-inventory_item-delete,role-admin,perm-inventory_item-delete,PERMISSION_TYPE_ALLOW,true
rp-role-admin-perm-inventory_item-list,role-admin,perm-inventory_item-list,PERMISSION_TYPE_ALLOW,true
rp-role-admin-perm-inventory_serial-create,role-admin,perm-inventory_serial-create,PERMISSION_TYPE_ALLOW,true
rp-role-admin-perm-inventory_serial-read,role-admin,perm-inventory_serial-read,PERMISSION_TYPE_ALLOW,true
rp-role-admin-perm-inventory_serial-update,role-admin,perm-inventory_serial-update,PERMISSION_TYPE_ALLOW,true
rp-role-admin-perm-inventory_serial-delete,role-admin,perm-inventory_serial-delete,PERMISSION_TYPE_ALLOW,true
rp-role-admin-perm-inventory_serial-list,role-admin,perm-inventory_serial-list,PERMISSION_TYPE_ALLOW,true
rp-role-admin-perm-inventory_transaction-create,role-admin,perm-inventory_transaction-create,PERMISSION_TYPE_ALLOW,true
rp-role-admin-perm-inventory_transaction-read,role-admin,perm-inventory_transaction-read,PERMISSION_TYPE_ALLOW,true
rp-role-admin-perm-inventory_transaction-update,role-admin,perm-inventory_transaction-update,PERMISSION_TYPE_ALLOW,true
rp-role-admin-perm-inventory_transaction-delete,role-admin,perm-inventory_transaction-delete,PERMISSION_TYPE_ALLOW,true
rp-role-admin-perm-inventory_transaction-list,role-admin,perm-inventory_transaction-list,PERMISSION_TYPE_ALLOW,true
rp-role-admin-perm-inventory_attribute-create,role-admin,perm-inventory_attribute-create,PERMISSION_TYPE_ALLOW,true
rp-role-admin-perm-inventory_attribute-read,role-admin,perm-inventory_attribute-read,PERMISSION_TYPE_ALLOW,true
rp-role-admin-perm-inventory_attribute-update,role-admin,perm-inventory_attribute-update,PERMISSION_TYPE_ALLOW,true
rp-role-admin-perm-inventory_attribute-delete,role-admin,perm-inventory_attribute-delete,PERMISSION_TYPE_ALLOW,true
rp-role-admin-perm-inventory_attribute-list,role-admin,perm-inventory_attribute-list,PERMISSION_TYPE_ALLOW,true
rp-role-admin-perm-inventory_depreciation-create,role-admin,perm-inventory_depreciation-create,PERMISSION_TYPE_ALLOW,true
rp-role-admin-perm-inventory_depreciation-read,role-admin,perm-inventory_depreciation-read,PERMISSION_TYPE_ALLOW,true
rp-role-admin-perm-inventory_depreciation-update,role-admin,perm-inventory_depreciation-update,PERMISSION_TYPE_ALLOW,true
rp-role-admin-perm-inventory_depreciation-delete,role-admin,perm-inventory_depreciation-delete,PERMISSION_TYPE_ALLOW,true
rp-role-admin-perm-inventory_depreciation-list,role-admin,perm-inventory_depreciation-list,PERMISSION_TYPE_ALLOW,true
rp-role-admin-perm-inventory_serial_history-create,role-admin,perm-inventory_serial_history-create,PERMISSION_TYPE_ALLOW,true
rp-role-admin-perm-inventory_serial_history-read,role-admin,perm-inventory_serial_history-read,PERMISSION_TYPE_ALLOW,true
rp-role-admin-perm-inventory_serial_history-update,role-admin,perm-inventory_serial_history-update,PERMISSION_TYPE_ALLOW,true
rp-role-admin-perm-inventory_serial_history-delete,role-admin,perm-inventory_serial_history-delete,PERMISSION_TYPE_ALLOW,true
rp-role-admin-perm-inventory_serial_history-list,role-admin,perm-inventory_serial_history-list,PERMISSION_TYPE_ALLOW,true
rp-role-admin-perm-collection-create,role-admin,perm-collection-create,PERMISSION_TYPE_ALLOW,true
rp-role-admin-perm-collection-read,role-admin,perm-collection-read,PERMISSION_TYPE_ALLOW,true
rp-role-admin-perm-collection-update,role-admin,perm-collection-update,PERMISSION_TYPE_ALLOW,true
rp-role-admin-perm-collection-delete,role-admin,perm-collection-delete,PERMISSION_TYPE_ALLOW,true
rp-role-admin-perm-collection-list,role-admin,perm-collection-list,PERMISSION_TYPE_ALLOW,true
rp-role-admin-perm-collection_attribute-create,role-admin,perm-collection_attribute-create,PERMISSION_TYPE_ALLOW,true
rp-role-admin-perm-collection_attribute-read,role-admin,perm-collection_attribute-read,PERMISSION_TYPE_ALLOW,true
rp-role-admin-perm-collection_attribute-update,role-admin,perm-collection_attribute-update,PERMISSION_TYPE_ALLOW,true
rp-role-admin-perm-collection_attribute-delete,role-admin,perm-collection_attribute-delete,PERMISSION_TYPE_ALLOW,true
rp-role-admin-perm-collection_attribute-list,role-admin,perm-collection_attribute-list,PERMISSION_TYPE_ALLOW,true
rp-role-admin-perm-collection_plan-create,role-admin,perm-collection_plan-create,PERMISSION_TYPE_ALLOW,true
rp-role-admin-perm-collection_plan-read,role-admin,perm-collection_plan-read,PERMISSION_TYPE_ALLOW,true
rp-role-admin-perm-collection_plan-update,role-admin,perm-collection_plan-update,PERMISSION_TYPE_ALLOW,true
rp-role-admin-perm-collection_plan-delete,role-admin,perm-collection_plan-delete,PERMISSION_TYPE_ALLOW,true
rp-role-admin-perm-collection_plan-list,role-admin,perm-collection_plan-list,PERMISSION_TYPE_ALLOW,true
rp-role-admin-perm-price_list-create,role-admin,perm-price_list-create,PERMISSION_TYPE_ALLOW,true
rp-role-admin-perm-price_list-read,role-admin,perm-price_list-read,PERMISSION_TYPE_ALLOW,true
rp-role-admin-perm-price_list-update,role-admin,perm-price_list-update,PERMISSION_TYPE_ALLOW,true
rp-role-admin-perm-price_list-delete,role-admin,perm-price_list-delete,PERMISSION_TYPE_ALLOW,true
rp-role-admin-perm-price_list-list,role-admin,perm-price_list-list,PERMISSION_TYPE_ALLOW,true
rp-role-admin-perm-price_product-create,role-admin,perm-price_product-create,PERMISSION_TYPE_ALLOW,true
rp-role-admin-perm-price_product-read,role-admin,perm-price_product-read,PERMISSION_TYPE_ALLOW,true
rp-role-admin-perm-price_product-update,role-admin,perm-price_product-update,PERMISSION_TYPE_ALLOW,true
rp-role-admin-perm-price_product-delete,role-admin,perm-price_product-delete,PERMISSION_TYPE_ALLOW,true
rp-role-admin-perm-price_product-list,role-admin,perm-price_product-list,PERMISSION_TYPE_ALLOW,true
rp-role-admin-perm-product-create,role-admin,perm-product-create,PERMISSION_TYPE_ALLOW,true
rp-role-admin-perm-product-read,role-admin,perm-product-read,PERMISSION_TYPE_ALLOW,true
rp-role-admin-perm-product-update,role-admin,perm-product-update,PERMISSION_TYPE_ALLOW,true
rp-role-admin-perm-product-delete,role-admin,perm-product-delete,PERMISSION_TYPE_ALLOW,true
rp-role-admin-perm-product-list,role-admin,perm-product-list,PERMISSION_TYPE_ALLOW,true
rp-role-admin-perm-product_attribute-create,role-admin,perm-product_attribute-create,PERMISSION_TYPE_ALLOW,true
rp-role-admin-perm-product_attribute-read,role-admin,perm-product_attribute-read,PERMISSION_TYPE_ALLOW,true
rp-role-admin-perm-product_attribute-update,role-admin,perm-product_attribute-update,PERMISSION_TYPE_ALLOW,true
rp-role-admin-perm-product_attribute-delete,role-admin,perm-product_attribute-delete,PERMISSION_TYPE_ALLOW,true
rp-role-admin-perm-product_attribute-list,role-admin,perm-product_attribute-list,PERMISSION_TYPE_ALLOW,true
rp-role-admin-perm-product_collection-create,role-admin,perm-product_collection-create,PERMISSION_TYPE_ALLOW,true
rp-role-admin-perm-product_collection-read,role-admin,perm-product_collection-read,PERMISSION_TYPE_ALLOW,true
rp-role-admin-perm-product_collection-update,role-admin,perm-product_collection-update,PERMISSION_TYPE_ALLOW,true
rp-role-admin-perm-product_collection-delete,role-admin,perm-product_collection-delete,PERMISSION_TYPE_ALLOW,true
rp-role-admin-perm-product_collection-list,role-admin,perm-product_collection-list,PERMISSION_TYPE_ALLOW,true
rp-role-admin-perm-product_option-create,role-admin,perm-product_option-create,PERMISSION_TYPE_ALLOW,true
rp-role-admin-perm-product_option-read,role-admin,perm-product_option-read,PERMISSION_TYPE_ALLOW,true
rp-role-admin-perm-product_option-update,role-admin,perm-product_option-update,PERMISSION_TYPE_ALLOW,true
rp-role-admin-perm-product_option-delete,role-admin,perm-product_option-delete,PERMISSION_TYPE_ALLOW,true
rp-role-admin-perm-product_option-list,role-admin,perm-product_option-list,PERMISSION_TYPE_ALLOW,true
rp-role-admin-perm-product_option_value-create,role-admin,perm-product_option_value-create,PERMISSION_TYPE_ALLOW,true
rp-role-admin-perm-product_option_value-read,role-admin,perm-product_option_value-read,PERMISSION_TYPE_ALLOW,true
rp-role-admin-perm-product_option_value-update,role-admin,perm-product_option_value-update,PERMISSION_TYPE_ALLOW,true
rp-role-admin-perm-product_option_value-delete,role-admin,perm-product_option_value-delete,PERMISSION_TYPE_ALLOW,true
rp-role-admin-perm-product_option_value-list,role-admin,perm-product_option_value-list,PERMISSION_TYPE_ALLOW,true
rp-role-admin-perm-product_plan-create,role-admin,perm-product_plan-create,PERMISSION_TYPE_ALLOW,true
rp-role-admin-perm-product_plan-read,role-admin,perm-product_plan-read,PERMISSION_TYPE_ALLOW,true
rp-role-admin-perm-product_plan-update,role-admin,perm-product_plan-update,PERMISSION_TYPE_ALLOW,true
rp-role-admin-perm-product_plan-delete,role-admin,perm-product_plan-delete,PERMISSION_TYPE_ALLOW,true
rp-role-admin-perm-product_plan-list,role-admin,perm-product_plan-list,PERMISSION_TYPE_ALLOW,true
rp-role-admin-perm-product_variant-create,role-admin,perm-product_variant-create,PERMISSION_TYPE_ALLOW,true
rp-role-admin-perm-product_variant-read,role-admin,perm-product_variant-read,PERMISSION_TYPE_ALLOW,true
rp-role-admin-perm-product_variant-update,role-admin,perm-product_variant-update,PERMISSION_TYPE_ALLOW,true
rp-role-admin-perm-product_variant-delete,role-admin,perm-product_variant-delete,PERMISSION_TYPE_ALLOW,true
rp-role-admin-perm-product_variant-list,role-admin,perm-product_variant-list,PERMISSION_TYPE_ALLOW,true
rp-role-admin-perm-product_variant_image-create,role-admin,perm-product_variant_image-create,PERMISSION_TYPE_ALLOW,true
rp-role-admin-perm-product_variant_image-read,role-admin,perm-product_variant_image-read,PERMISSION_TYPE_ALLOW,true
rp-role-admin-perm-product_variant_image-update,role-admin,perm-product_variant_image-update,PERMISSION_TYPE_ALLOW,true
rp-role-admin-perm-product_variant_image-delete,role-admin,perm-product_variant_image-delete,PERMISSION_TYPE_ALLOW,true
rp-role-admin-perm-product_variant_image-list,role-admin,perm-product_variant_image-list,PERMISSION_TYPE_ALLOW,true
rp-role-admin-perm-product_variant_option-create,role-admin,perm-product_variant_option-create,PERMISSION_TYPE_ALLOW,true
rp-role-admin-perm-product_variant_option-read,role-admin,perm-product_variant_option-read,PERMISSION_TYPE_ALLOW,true
rp-role-admin-perm-product_variant_option-update,role-admin,perm-product_variant_option-update,PERMISSION_TYPE_ALLOW,true
rp-role-admin-perm-product_variant_option-delete,role-admin,perm-product_variant_option-delete,PERMISSION_TYPE_ALLOW,true
rp-role-admin-perm-product_variant_option-list,role-admin,perm-product_variant_option-list,PERMISSION_TYPE_ALLOW,true
rp-role-admin-perm-resource-create,role-admin,perm-resource-create,PERMISSION_TYPE_ALLOW,true
rp-role-admin-perm-resource-read,role-admin,perm-resource-read,PERMISSION_TYPE_ALLOW,true
rp-role-admin-perm-resource-update,role-admin,perm-resource-update,PERMISSION_TYPE_ALLOW,true
rp-role-admin-perm-resource-delete,role-admin,perm-resource-delete,PERMISSION_TYPE_ALLOW,true
rp-role-admin-perm-resource-list,role-admin,perm-resource-list,PERMISSION_TYPE_ALLOW,true
rp-role-admin-perm-record-create,role-admin,perm-record-create,PERMISSION_TYPE_ALLOW,true
rp-role-admin-perm-record-read,role-admin,perm-record-read,PERMISSION_TYPE_ALLOW,true
rp-role-admin-perm-record-update,role-admin,perm-record-update,PERMISSION_TYPE_ALLOW,true
rp-role-admin-perm-record-delete,role-admin,perm-record-delete,PERMISSION_TYPE_ALLOW,true
rp-role-admin-perm-record-list,role-admin,perm-record-list,PERMISSION_TYPE_ALLOW,true
rp-role-admin-perm-balance-create,role-admin,perm-balance-create,PERMISSION_TYPE_ALLOW,true
rp-role-admin-perm-balance-read,role-admin,perm-balance-read,PERMISSION_TYPE_ALLOW,true
rp-role-admin-perm-balance-update,role-admin,perm-balance-update,PERMISSION_TYPE_ALLOW,true
rp-role-admin-perm-balance-delete,role-admin,perm-balance-delete,PERMISSION_TYPE_ALLOW,true
rp-role-admin-perm-balance-list,role-admin,perm-balance-list,PERMISSION_TYPE_ALLOW,true
rp-role-admin-perm-balance_attribute-create,role-admin,perm-balance_attribute-create,PERMISSION_TYPE_ALLOW,true
rp-role-admin-perm-balance_attribute-read,role-admin,perm-balance_attribute-read,PERMISSION_TYPE_ALLOW,true
rp-role-admin-perm-balance_attribute-update,role-admin,perm-balance_attribute-update,PERMISSION_TYPE_ALLOW,true
rp-role-admin-perm-balance_attribute-delete,role-admin,perm-balance_attribute-delete,PERMISSION_TYPE_ALLOW,true
rp-role-admin-perm-balance_attribute-list,role-admin,perm-balance_attribute-list,PERMISSION_TYPE_ALLOW,true
rp-role-admin-perm-invoice-create,role-admin,perm-invoice-create,PERMISSION_TYPE_ALLOW,true
rp-role-admin-perm-invoice-read,role-admin,perm-invoice-read,PERMISSION_TYPE_ALLOW,true
rp-role-admin-perm-invoice-update,role-admin,perm-invoice-update,PERMISSION_TYPE_ALLOW,true
rp-role-admin-perm-invoice-delete,role-admin,perm-invoice-delete,PERMISSION_TYPE_ALLOW,true
rp-role-admin-perm-invoice-list,role-admin,perm-invoice-list,PERMISSION_TYPE_ALLOW,true
rp-role-admin-perm-invoice_attribute-create,role-admin,perm-invoice_attribute-create,PERMISSION_TYPE_ALLOW,true
rp-role-admin-perm-invoice_attribute-read,role-admin,perm-invoice_attribute-read,PERMISSION_TYPE_ALLOW,true
rp-role-admin-perm-invoice_attribute-update,role-admin,perm-invoice_attribute-update,PERMISSION_TYPE_ALLOW,true
rp-role-admin-perm-invoice_attribute-delete,role-admin,perm-invoice_attribute-delete,PERMISSION_TYPE_ALLOW,true
rp-role-admin-perm-invoice_attribute-list,role-admin,perm-invoice_attribute-list,PERMISSION_TYPE_ALLOW,true
rp-role-admin-perm-license-create,role-admin,perm-license-create,PERMISSION_TYPE_ALLOW,true
rp-role-admin-perm-license-read,role-admin,perm-license-read,PERMISSION_TYPE_ALLOW,true
rp-role-admin-perm-license-update,role-admin,perm-license-update,PERMISSION_TYPE_ALLOW,true
rp-role-admin-perm-license-delete,role-admin,perm-license-delete,PERMISSION_TYPE_ALLOW,true
rp-role-admin-perm-license-list,role-admin,perm-license-list,PERMISSION_TYPE_ALLOW,true
rp-role-admin-perm-license_history-create,role-admin,perm-license_history-create,PERMISSION_TYPE_ALLOW,true
rp-role-admin-perm-license_history-read,role-admin,perm-license_history-read,PERMISSION_TYPE_ALLOW,true
rp-role-admin-perm-license_history-update,role-admin,perm-license_history-update,PERMISSION_TYPE_ALLOW,true
rp-role-admin-perm-license_history-delete,role-admin,perm-license_history-delete,PERMISSION_TYPE_ALLOW,true
rp-role-admin-perm-license_history-list,role-admin,perm-license_history-list,PERMISSION_TYPE_ALLOW,true
rp-role-admin-perm-plan-create,role-admin,perm-plan-create,PERMISSION_TYPE_ALLOW,true
rp-role-admin-perm-plan-read,role-admin,perm-plan-read,PERMISSION_TYPE_ALLOW,true
rp-role-admin-perm-plan-update,role-admin,perm-plan-update,PERMISSION_TYPE_ALLOW,true
rp-role-admin-perm-plan-delete,role-admin,perm-plan-delete,PERMISSION_TYPE_ALLOW,true
rp-role-admin-perm-plan-list,role-admin,perm-plan-list,PERMISSION_TYPE_ALLOW,true
rp-role-admin-perm-plan_attribute-create,role-admin,perm-plan_attribute-create,PERMISSION_TYPE_ALLOW,true
rp-role-admin-perm-plan_attribute-read,role-admin,perm-plan_attribute-read,PERMISSION_TYPE_ALLOW,true
rp-role-admin-perm-plan_attribute-update,role-admin,perm-plan_attribute-update,PERMISSION_TYPE_ALLOW,true
rp-role-admin-perm-plan_attribute-delete,role-admin,perm-plan_attribute-delete,PERMISSION_TYPE_ALLOW,true
rp-role-admin-perm-plan_attribute-list,role-admin,perm-plan_attribute-list,PERMISSION_TYPE_ALLOW,true
rp-role-admin-perm-plan_settings-create,role-admin,perm-plan_settings-create,PERMISSION_TYPE_ALLOW,true
rp-role-admin-perm-plan_settings-read,role-admin,perm-plan_settings-read,PERMISSION_TYPE_ALLOW,true
rp-role-admin-perm-plan_settings-update,role-admin,perm-plan_settings-update,PERMISSION_TYPE_ALLOW,true
rp-role-admin-perm-plan_settings-delete,role-admin,perm-plan_settings-delete,PERMISSION_TYPE_ALLOW,true
rp-role-admin-perm-plan_settings-list,role-admin,perm-plan_settings-list,PERMISSION_TYPE_ALLOW,true
rp-role-admin-perm-price_plan-create,role-admin,perm-price_plan-create,PERMISSION_TYPE_ALLOW,true
rp-role-admin-perm-price_plan-read,role-admin,perm-price_plan-read,PERMISSION_TYPE_ALLOW,true
rp-role-admin-perm-price_plan-update,role-admin,perm-price_plan-update,PERMISSION_TYPE_ALLOW,true
rp-role-admin-perm-price_plan-delete,role-admin,perm-price_plan-delete,PERMISSION_TYPE_ALLOW,true
rp-role-admin-perm-price_plan-list,role-admin,perm-price_plan-list,PERMISSION_TYPE_ALLOW,true
rp-role-admin-perm-price_schedule-create,role-admin,perm-price_schedule-create,PERMISSION_TYPE_ALLOW,true
rp-role-admin-perm-price_schedule-read,role-admin,perm-price_schedule-read,PERMISSION_TYPE_ALLOW,true
rp-role-admin-perm-price_schedule-update,role-admin,perm-price_schedule-update,PERMISSION_TYPE_ALLOW,true
rp-role-admin-perm-price_schedule-delete,role-admin,perm-price_schedule-delete,PERMISSION_TYPE_ALLOW,true
rp-role-admin-perm-price_schedule-list,role-admin,perm-price_schedule-list,PERMISSION_TYPE_ALLOW,true
rp-role-admin-perm-product_price_plan-create,role-admin,perm-product_price_plan-create,PERMISSION_TYPE_ALLOW,true
rp-role-admin-perm-product_price_plan-read,role-admin,perm-product_price_plan-read,PERMISSION_TYPE_ALLOW,true
rp-role-admin-perm-product_price_plan-update,role-admin,perm-product_price_plan-update,PERMISSION_TYPE_ALLOW,true
rp-role-admin-perm-product_price_plan-delete,role-admin,perm-product_price_plan-delete,PERMISSION_TYPE_ALLOW,true
rp-role-admin-perm-product_price_plan-list,role-admin,perm-product_price_plan-list,PERMISSION_TYPE_ALLOW,true
rp-role-admin-perm-subscription-create,role-admin,perm-subscription-create,PERMISSION_TYPE_ALLOW,true
rp-role-admin-perm-subscription-read,role-admin,perm-subscription-read,PERMISSION_TYPE_ALLOW,true
rp-role-admin-perm-subscription-update,role-admin,perm-subscription-update,PERMISSION_TYPE_ALLOW,true
rp-role-admin-perm-subscription-delete,role-admin,perm-subscription-delete,PERMISSION_TYPE_ALLOW,true
rp-role-admin-perm-subscription-list,role-admin,perm-subscription-list,PERMISSION_TYPE_ALLOW,true
rp-role-admin-perm-subscription_attribute-create,role-admin,perm-subscription_attribute-create,PERMISSION_TYPE_ALLOW,true
rp-role-admin-perm-subscription_attribute-read,role-admin,perm-subscription_attribute-read,PERMISSION_TYPE_ALLOW,true
rp-role-admin-perm-subscription_attribute-update,role-admin,perm-subscription_attribute-update,PERMISSION_TYPE_ALLOW,true
rp-role-admin-perm-subscription_attribute-delete,role-admin,perm-subscription_attribute-delete,PERMISSION_TYPE_ALLOW,true
rp-role-admin-perm-subscription_attribute-list,role-admin,perm-subscription_attribute-list,PERMISSION_TYPE_ALLOW,true
rp-role-admin-perm-workflow-create,role-admin,perm-workflow-create,PERMISSION_TYPE_ALLOW,true
rp-role-admin-perm-workflow-read,role-admin,perm-workflow-read,PERMISSION_TYPE_ALLOW,true
rp-role-admin-perm-workflow-update,role-admin,perm-workflow-update,PERMISSION_TYPE_ALLOW,true
rp-role-admin-perm-workflow-delete,role-admin,perm-workflow-delete,PERMISSION_TYPE_ALLOW,true
rp-role-admin-perm-workflow-list,role-admin,perm-workflow-list,PERMISSION_TYPE_ALLOW,true
rp-role-admin-perm-workflow_template-create,role-admin,perm-workflow_template-create,PERMISSION_TYPE_ALLOW,true
rp-role-admin-perm-workflow_template-read,role-admin,perm-workflow_template-read,PERMISSION_TYPE_ALLOW,true
rp-role-admin-perm-workflow_template-update,role-admin,perm-workflow_template-update,PERMISSION_TYPE_ALLOW,true
rp-role-admin-perm-workflow_template-delete,role-admin,perm-workflow_template-delete,PERMISSION_TYPE_ALLOW,true
rp-role-admin-perm-workflow_template-list,role-admin,perm-workflow_template-list,PERMISSION_TYPE_ALLOW,true
rp-role-admin-perm-stage-create,role-admin,perm-stage-create,PERMISSION_TYPE_ALLOW,true
rp-role-admin-perm-stage-read,role-admin,perm-stage-read,PERMISSION_TYPE_ALLOW,true
rp-role-admin-perm-stage-update,role-admin,perm-stage-update,PERMISSION_TYPE_ALLOW,true
rp-role-admin-perm-stage-delete,role-admin,perm-stage-delete,PERMISSION_TYPE_ALLOW,true
rp-role-admin-perm-stage-list,role-admin,perm-stage-list,PERMISSION_TYPE_ALLOW,true
rp-role-admin-perm-stage_template-create,role-admin,perm-stage_template-create,PERMISSION_TYPE_ALLOW,true
rp-role-admin-perm-stage_template-read,role-admin,perm-stage_template-read,PERMISSION_TYPE_ALLOW,true
rp-role-admin-perm-stage_template-update,role-admin,perm-stage_template-update,PERMISSION_TYPE_ALLOW,true
rp-role-admin-perm-stage_template-delete,role-admin,perm-stage_template-delete,PERMISSION_TYPE_ALLOW,true
rp-role-admin-perm-stage_template-list,role-admin,perm-stage_template-list,PERMISSION_TYPE_ALLOW,true
rp-role-admin-perm-activity-create,role-admin,perm-activity-create,PERMISSION_TYPE_ALLOW,true
rp-role-admin-perm-activity-read,role-admin,perm-activity-read,PERMISSION_TYPE_ALLOW,true
rp-role-admin-perm-activity-update,role-admin,perm-activity-update,PERMISSION_TYPE_ALLOW,true
rp-role-admin-perm-activity-delete,role-admin,perm-activity-delete,PERMISSION_TYPE_ALLOW,true
rp-role-admin-perm-activity-list,role-admin,perm-activity-list,PERMISSION_TYPE_ALLOW,true
rp-role-admin-perm-activity_template-create,role-admin,perm-activity_template-create,PERMISSION_TYPE_ALLOW,true
rp-role-admin-perm-activity_template-read,role-admin,perm-activity_template-read,PERMISSION_TYPE_ALLOW,true
rp-role-admin-perm-activity_template-update,role-admin,perm-activity_template-update,PERMISSION_TYPE_ALLOW,true
rp-role-admin-perm-activity_template-delete,role-admin,perm-activity_template-delete,PERMISSION_TYPE_ALLOW,true
rp-role-admin-perm-activity_template-list,role-admin,perm-activity_template-list,PERMISSION_TYPE_ALLOW,true
rp-role-admin-perm-attribute-create,role-admin,perm-attribute-create,PERMISSION_TYPE_ALLOW,true
rp-role-admin-perm-attribute-read,role-admin,perm-attribute-read,PERMISSION_TYPE_ALLOW,true
rp-role-admin-perm-attribute-update,role-admin,perm-attribute-update,PERMISSION_TYPE_ALLOW,true
rp-role-admin-perm-attribute-delete,role-admin,perm-attribute-delete,PERMISSION_TYPE_ALLOW,true
rp-role-admin-perm-attribute-list,role-admin,perm-attribute-list,PERMISSION_TYPE_ALLOW,true
rp-role-admin-perm-asset-create,role-admin,perm-asset-create,PERMISSION_TYPE_ALLOW,true
rp-role-admin-perm-asset-read,role-admin,perm-asset-read,PERMISSION_TYPE_ALLOW,true
rp-role-admin-perm-asset-update,role-admin,perm-asset-update,PERMISSION_TYPE_ALLOW,true
rp-role-admin-perm-asset-delete,role-admin,perm-asset-delete,PERMISSION_TYPE_ALLOW,true
rp-role-admin-perm-asset-list,role-admin,perm-asset-list,PERMISSION_TYPE_ALLOW,true
rp-role-admin-perm-asset_category-create,role-admin,perm-asset_category-create,PERMISSION_TYPE_ALLOW,true
rp-role-admin-perm-asset_category-read,role-admin,perm-asset_category-read,PERMISSION_TYPE_ALLOW,true
rp-role-admin-perm-asset_category-update,role-admin,perm-asset_category-update,PERMISSION_TYPE_ALLOW,true
rp-role-admin-perm-asset_category-delete,role-admin,perm-asset_category-delete,PERMISSION_TYPE_ALLOW,true
rp-role-admin-perm-asset_category-list,role-admin,perm-asset_category-list,PERMISSION_TYPE_ALLOW,true
rp-role-admin-perm-asset_attribute-create,role-admin,perm-asset_attribute-create,PERMISSION_TYPE_ALLOW,true
rp-role-admin-perm-asset_attribute-read,role-admin,perm-asset_attribute-read,PERMISSION_TYPE_ALLOW,true
rp-role-admin-perm-asset_attribute-update,role-admin,perm-asset_attribute-update,PERMISSION_TYPE_ALLOW,true
rp-role-admin-perm-asset_attribute-delete,role-admin,perm-asset_attribute-delete,PERMISSION_TYPE_ALLOW,true
rp-role-admin-perm-asset_attribute-list,role-admin,perm-asset_attribute-list,PERMISSION_TYPE_ALLOW,true
rp-role-admin-perm-asset_location-create,role-admin,perm-asset_location-create,PERMISSION_TYPE_ALLOW,true
rp-role-admin-perm-asset_location-read,role-admin,perm-asset_location-read,PERMISSION_TYPE_ALLOW,true
rp-role-admin-perm-asset_location-update,role-admin,perm-asset_location-update,PERMISSION_TYPE_ALLOW,true
rp-role-admin-perm-asset_location-delete,role-admin,perm-asset_location-delete,PERMISSION_TYPE_ALLOW,true
rp-role-admin-perm-asset_location-list,role-admin,perm-asset_location-list,PERMISSION_TYPE_ALLOW,true
rp-role-admin-perm-depreciation_schedule-create,role-admin,perm-depreciation_schedule-create,PERMISSION_TYPE_ALLOW,true
rp-role-admin-perm-depreciation_schedule-read,role-admin,perm-depreciation_schedule-read,PERMISSION_TYPE_ALLOW,true
rp-role-admin-perm-depreciation_schedule-update,role-admin,perm-depreciation_schedule-update,PERMISSION_TYPE_ALLOW,true
rp-role-admin-perm-depreciation_schedule-delete,role-admin,perm-depreciation_schedule-delete,PERMISSION_TYPE_ALLOW,true
rp-role-admin-perm-depreciation_schedule-list,role-admin,perm-depreciation_schedule-list,PERMISSION_TYPE_ALLOW,true
rp-role-admin-perm-asset_transaction-create,role-admin,perm-asset_transaction-create,PERMISSION_TYPE_ALLOW,true
rp-role-admin-perm-asset_transaction-read,role-admin,perm-asset_transaction-read,PERMISSION_TYPE_ALLOW,true
rp-role-admin-perm-asset_transaction-update,role-admin,perm-asset_transaction-update,PERMISSION_TYPE_ALLOW,true
rp-role-admin-perm-asset_transaction-delete,role-admin,perm-asset_transaction-delete,PERMISSION_TYPE_ALLOW,true
rp-role-admin-perm-asset_transaction-list,role-admin,perm-asset_transaction-list,PERMISSION_TYPE_ALLOW,true
rp-role-admin-perm-asset_disposal-create,role-admin,perm-asset_disposal-create,PERMISSION_TYPE_ALLOW,true
rp-role-admin-perm-asset_disposal-read,role-admin,perm-asset_disposal-read,PERMISSION_TYPE_ALLOW,true
rp-role-admin-perm-asset_disposal-update,role-admin,perm-asset_disposal-update,PERMISSION_TYPE_ALLOW,true
rp-role-admin-perm-asset_disposal-delete,role-admin,perm-asset_disposal-delete,PERMISSION_TYPE_ALLOW,true
rp-role-admin-perm-asset_disposal-list,role-admin,perm-asset_disposal-list,PERMISSION_TYPE_ALLOW,true
rp-role-admin-perm-asset_revaluation-create,role-admin,perm-asset_revaluation-create,PERMISSION_TYPE_ALLOW,true
rp-role-admin-perm-asset_revaluation-read,role-admin,perm-asset_revaluation-read,PERMISSION_TYPE_ALLOW,true
rp-role-admin-perm-asset_revaluation-update,role-admin,perm-asset_revaluation-update,PERMISSION_TYPE_ALLOW,true
rp-role-admin-perm-asset_revaluation-delete,role-admin,perm-asset_revaluation-delete,PERMISSION_TYPE_ALLOW,true
rp-role-admin-perm-asset_revaluation-list,role-admin,perm-asset_revaluation-list,PERMISSION_TYPE_ALLOW,true
rp-role-admin-perm-asset_maintenance-create,role-admin,perm-asset_maintenance-create,PERMISSION_TYPE_ALLOW,true
rp-role-admin-perm-asset_maintenance-read,role-admin,perm-asset_maintenance-read,PERMISSION_TYPE_ALLOW,true
rp-role-admin-perm-asset_maintenance-update,role-admin,perm-asset_maintenance-update,PERMISSION_TYPE_ALLOW,true
rp-role-admin-perm-asset_maintenance-delete,role-admin,perm-asset_maintenance-delete,PERMISSION_TYPE_ALLOW,true
rp-role-admin-perm-asset_maintenance-list,role-admin,perm-asset_maintenance-list,PERMISSION_TYPE_ALLOW,true
rp-role-admin-perm-asset_component-create,role-admin,perm-asset_component-create,PERMISSION_TYPE_ALLOW,true
rp-role-admin-perm-asset_component-read,role-admin,perm-asset_component-read,PERMISSION_TYPE_ALLOW,true
rp-role-admin-perm-asset_component-update,role-admin,perm-asset_component-update,PERMISSION_TYPE_ALLOW,true
rp-role-admin-perm-asset_component-delete,role-admin,perm-asset_component-delete,PERMISSION_TYPE_ALLOW,true
rp-role-admin-perm-asset_component-list,role-admin,perm-asset_component-list,PERMISSION_TYPE_ALLOW,true
rp-role-admin-perm-supplier-create,role-admin,perm-supplier-create,PERMISSION_TYPE_ALLOW,true
rp-role-admin-perm-supplier-read,role-admin,perm-supplier-read,PERMISSION_TYPE_ALLOW,true
rp-role-admin-perm-supplier-update,role-admin,perm-supplier-update,PERMISSION_TYPE_ALLOW,true
rp-role-admin-perm-supplier-delete,role-admin,perm-supplier-delete,PERMISSION_TYPE_ALLOW,true
rp-role-admin-perm-supplier-list,role-admin,perm-supplier-list,PERMISSION_TYPE_ALLOW,true
rp-role-admin-perm-supplier_category-create,role-admin,perm-supplier_category-create,PERMISSION_TYPE_ALLOW,true
rp-role-admin-perm-supplier_category-read,role-admin,perm-supplier_category-read,PERMISSION_TYPE_ALLOW,true
rp-role-admin-perm-supplier_category-update,role-admin,perm-supplier_category-update,PERMISSION_TYPE_ALLOW,true
rp-role-admin-perm-supplier_category-delete,role-admin,perm-supplier_category-delete,PERMISSION_TYPE_ALLOW,true
rp-role-admin-perm-supplier_category-list,role-admin,perm-supplier_category-list,PERMISSION_TYPE_ALLOW,true
rp-role-admin-perm-supplier_attribute-create,role-admin,perm-supplier_attribute-create,PERMISSION_TYPE_ALLOW,true
rp-role-admin-perm-supplier_attribute-read,role-admin,perm-supplier_attribute-read,PERMISSION_TYPE_ALLOW,true
rp-role-admin-perm-supplier_attribute-update,role-admin,perm-supplier_attribute-update,PERMISSION_TYPE_ALLOW,true
rp-role-admin-perm-supplier_attribute-delete,role-admin,perm-supplier_attribute-delete,PERMISSION_TYPE_ALLOW,true
rp-role-admin-perm-supplier_attribute-list,role-admin,perm-supplier_attribute-list,PERMISSION_TYPE_ALLOW,true
rp-role-admin-perm-service-create,role-admin,perm-service-create,PERMISSION_TYPE_ALLOW,true
rp-role-admin-perm-service-read,role-admin,perm-service-read,PERMISSION_TYPE_ALLOW,true
rp-role-admin-perm-service-update,role-admin,perm-service-update,PERMISSION_TYPE_ALLOW,true
rp-role-admin-perm-service-delete,role-admin,perm-service-delete,PERMISSION_TYPE_ALLOW,true
rp-role-admin-perm-service-list,role-admin,perm-service-list,PERMISSION_TYPE_ALLOW,true
rp-role-admin-perm-purchase-create,role-admin,perm-purchase-create,PERMISSION_TYPE_ALLOW,true
rp-role-admin-perm-purchase-read,role-admin,perm-purchase-read,PERMISSION_TYPE_ALLOW,true
rp-role-admin-perm-purchase-update,role-admin,perm-purchase-update,PERMISSION_TYPE_ALLOW,true
rp-role-admin-perm-purchase-delete,role-admin,perm-purchase-delete,PERMISSION_TYPE_ALLOW,true
rp-role-admin-perm-purchase-list,role-admin,perm-purchase-list,PERMISSION_TYPE_ALLOW,true
rp-role-admin-perm-expense-create,role-admin,perm-expense-create,PERMISSION_TYPE_ALLOW,true
rp-role-admin-perm-expense-read,role-admin,perm-expense-read,PERMISSION_TYPE_ALLOW,true
rp-role-admin-perm-expense-update,role-admin,perm-expense-update,PERMISSION_TYPE_ALLOW,true
rp-role-admin-perm-expense-delete,role-admin,perm-expense-delete,PERMISSION_TYPE_ALLOW,true
rp-role-admin-perm-expense-list,role-admin,perm-expense-list,PERMISSION_TYPE_ALLOW,true
rp-role-admin-perm-job-create,role-admin,perm-job-create,PERMISSION_TYPE_ALLOW,true
rp-role-admin-perm-job-read,role-admin,perm-job-read,PERMISSION_TYPE_ALLOW,true
rp-role-admin-perm-job-update,role-admin,perm-job-update,PERMISSION_TYPE_ALLOW,true
rp-role-admin-perm-job-delete,role-admin,perm-job-delete,PERMISSION_TYPE_ALLOW,true
rp-role-admin-perm-job-list,role-admin,perm-job-list,PERMISSION_TYPE_ALLOW,true
rp-role-admin-perm-job_template-create,role-admin,perm-job_template-create,PERMISSION_TYPE_ALLOW,true
rp-role-admin-perm-job_template-read,role-admin,perm-job_template-read,PERMISSION_TYPE_ALLOW,true
rp-role-admin-perm-job_template-update,role-admin,perm-job_template-update,PERMISSION_TYPE_ALLOW,true
rp-role-admin-perm-job_template-delete,role-admin,perm-job_template-delete,PERMISSION_TYPE_ALLOW,true
rp-role-admin-perm-job_template-list,role-admin,perm-job_template-list,PERMISSION_TYPE_ALLOW,true
rp-role-admin-perm-job_activity-create,role-admin,perm-job_activity-create,PERMISSION_TYPE_ALLOW,true
rp-role-admin-perm-job_activity-read,role-admin,perm-job_activity-read,PERMISSION_TYPE_ALLOW,true
rp-role-admin-perm-job_activity-update,role-admin,perm-job_activity-update,PERMISSION_TYPE_ALLOW,true
rp-role-admin-perm-job_activity-delete,role-admin,perm-job_activity-delete,PERMISSION_TYPE_ALLOW,true
rp-role-admin-perm-job_activity-list,role-admin,perm-job_activity-list,PERMISSION_TYPE_ALLOW,true
rp-role-admin-perm-fulfillment-create,role-admin,perm-fulfillment-create,PERMISSION_TYPE_ALLOW,true
rp-role-admin-perm-fulfillment-read,role-admin,perm-fulfillment-read,PERMISSION_TYPE_ALLOW,true
rp-role-admin-perm-fulfillment-update,role-admin,perm-fulfillment-update,PERMISSION_TYPE_ALLOW,true
rp-role-admin-perm-fulfillment-delete,role-admin,perm-fulfillment-delete,PERMISSION_TYPE_ALLOW,true
rp-role-admin-perm-fulfillment-list,role-admin,perm-fulfillment-list,PERMISSION_TYPE_ALLOW,true
rp-role-admin-perm-outcome_criteria-create,role-admin,perm-outcome_criteria-create,PERMISSION_TYPE_ALLOW,true
rp-role-admin-perm-outcome_criteria-read,role-admin,perm-outcome_criteria-read,PERMISSION_TYPE_ALLOW,true
rp-role-admin-perm-outcome_criteria-update,role-admin,perm-outcome_criteria-update,PERMISSION_TYPE_ALLOW,true
rp-role-admin-perm-outcome_criteria-delete,role-admin,perm-outcome_criteria-delete,PERMISSION_TYPE_ALLOW,true
rp-role-admin-perm-outcome_criteria-list,role-admin,perm-outcome_criteria-list,PERMISSION_TYPE_ALLOW,true
rp-role-admin-perm-criteria_threshold-create,role-admin,perm-criteria_threshold-create,PERMISSION_TYPE_ALLOW,true
rp-role-admin-perm-criteria_threshold-read,role-admin,perm-criteria_threshold-read,PERMISSION_TYPE_ALLOW,true
rp-role-admin-perm-criteria_threshold-update,role-admin,perm-criteria_threshold-update,PERMISSION_TYPE_ALLOW,true
rp-role-admin-perm-criteria_threshold-delete,role-admin,perm-criteria_threshold-delete,PERMISSION_TYPE_ALLOW,true
rp-role-admin-perm-criteria_threshold-list,role-admin,perm-criteria_threshold-list,PERMISSION_TYPE_ALLOW,true
rp-role-admin-perm-criteria_option-create,role-admin,perm-criteria_option-create,PERMISSION_TYPE_ALLOW,true
rp-role-admin-perm-criteria_option-read,role-admin,perm-criteria_option-read,PERMISSION_TYPE_ALLOW,true
rp-role-admin-perm-criteria_option-update,role-admin,perm-criteria_option-update,PERMISSION_TYPE_ALLOW,true
rp-role-admin-perm-criteria_option-delete,role-admin,perm-criteria_option-delete,PERMISSION_TYPE_ALLOW,true
rp-role-admin-perm-criteria_option-list,role-admin,perm-criteria_option-list,PERMISSION_TYPE_ALLOW,true
rp-role-admin-perm-template_task_criteria-create,role-admin,perm-template_task_criteria-create,PERMISSION_TYPE_ALLOW,true
rp-role-admin-perm-template_task_criteria-read,role-admin,perm-template_task_criteria-read,PERMISSION_TYPE_ALLOW,true
rp-role-admin-perm-template_task_criteria-update,role-admin,perm-template_task_criteria-update,PERMISSION_TYPE_ALLOW,true
rp-role-admin-perm-template_task_criteria-delete,role-admin,perm-template_task_criteria-delete,PERMISSION_TYPE_ALLOW,true
rp-role-admin-perm-template_task_criteria-list,role-admin,perm-template_task_criteria-list,PERMISSION_TYPE_ALLOW,true
rp-role-admin-perm-task_outcome-create,role-admin,perm-task_outcome-create,PERMISSION_TYPE_ALLOW,true
rp-role-admin-perm-task_outcome-read,role-admin,perm-task_outcome-read,PERMISSION_TYPE_ALLOW,true
rp-role-admin-perm-task_outcome-update,role-admin,perm-task_outcome-update,PERMISSION_TYPE_ALLOW,true
rp-role-admin-perm-task_outcome-delete,role-admin,perm-task_outcome-delete,PERMISSION_TYPE_ALLOW,true
rp-role-admin-perm-task_outcome-list,role-admin,perm-task_outcome-list,PERMISSION_TYPE_ALLOW,true
rp-role-admin-perm-task_outcome_check-create,role-admin,perm-task_outcome_check-create,PERMISSION_TYPE_ALLOW,true
rp-role-admin-perm-task_outcome_check-read,role-admin,perm-task_outcome_check-read,PERMISSION_TYPE_ALLOW,true
rp-role-admin-perm-task_outcome_check-update,role-admin,perm-task_outcome_check-update,PERMISSION_TYPE_ALLOW,true
rp-role-admin-perm-task_outcome_check-delete,role-admin,perm-task_outcome_check-delete,PERMISSION_TYPE_ALLOW,true
rp-role-admin-perm-task_outcome_check-list,role-admin,perm-task_outcome_check-list,PERMISSION_TYPE_ALLOW,true
rp-role-admin-perm-phase_outcome_summary-create,role-admin,perm-phase_outcome_summary-create,PERMISSION_TYPE_ALLOW,true
rp-role-admin-perm-phase_outcome_summary-read,role-admin,perm-phase_outcome_summary-read,PERMISSION_TYPE_ALLOW,true
rp-role-admin-perm-phase_outcome_summary-update,role-admin,perm-phase_outcome_summary-update,PERMISSION_TYPE_ALLOW,true
rp-role-admin-perm-phase_outcome_summary-delete,role-admin,perm-phase_outcome_summary-delete,PERMISSION_TYPE_ALLOW,true
rp-role-admin-perm-phase_outcome_summary-list,role-admin,perm-phase_outcome_summary-list,PERMISSION_TYPE_ALLOW,true
rp-role-admin-perm-job_outcome_summary-create,role-admin,perm-job_outcome_summary-create,PERMISSION_TYPE_ALLOW,true
rp-role-admin-perm-job_outcome_summary-read,role-admin,perm-job_outcome_summary-read,PERMISSION_TYPE_ALLOW,true
rp-role-admin-perm-job_outcome_summary-update,role-admin,perm-job_outcome_summary-update,PERMISSION_TYPE_ALLOW,true
rp-role-admin-perm-job_outcome_summary-delete,role-admin,perm-job_outcome_summary-delete,PERMISSION_TYPE_ALLOW,true
rp-role-admin-perm-job_outcome_summary-list,role-admin,perm-job_outcome_summary-list,PERMISSION_TYPE_ALLOW,true
rp-role-admin-perm-account-create,role-admin,perm-account-create,PERMISSION_TYPE_ALLOW,true
rp-role-admin-perm-account-read,role-admin,perm-account-read,PERMISSION_TYPE_ALLOW,true
rp-role-admin-perm-account-update,role-admin,perm-account-update,PERMISSION_TYPE_ALLOW,true
rp-role-admin-perm-account-delete,role-admin,perm-account-delete,PERMISSION_TYPE_ALLOW,true
rp-role-admin-perm-account-list,role-admin,perm-account-list,PERMISSION_TYPE_ALLOW,true
rp-role-admin-perm-journal-create,role-admin,perm-journal-create,PERMISSION_TYPE_ALLOW,true
rp-role-admin-perm-journal-read,role-admin,perm-journal-read,PERMISSION_TYPE_ALLOW,true
rp-role-admin-perm-journal-update,role-admin,perm-journal-update,PERMISSION_TYPE_ALLOW,true
rp-role-admin-perm-journal-delete,role-admin,perm-journal-delete,PERMISSION_TYPE_ALLOW,true
rp-role-admin-perm-journal-list,role-admin,perm-journal-list,PERMISSION_TYPE_ALLOW,true
rp-role-admin-perm-period-create,role-admin,perm-period-create,PERMISSION_TYPE_ALLOW,true
rp-role-admin-perm-period-read,role-admin,perm-period-read,PERMISSION_TYPE_ALLOW,true
rp-role-admin-perm-period-update,role-admin,perm-period-update,PERMISSION_TYPE_ALLOW,true
rp-role-admin-perm-period-delete,role-admin,perm-period-delete,PERMISSION_TYPE_ALLOW,true
rp-role-admin-perm-period-list,role-admin,perm-period-list,PERMISSION_TYPE_ALLOW,true
rp-role-admin-perm-loan-create,role-admin,perm-loan-create,PERMISSION_TYPE_ALLOW,true
rp-role-admin-perm-loan-read,role-admin,perm-loan-read,PERMISSION_TYPE_ALLOW,true
rp-role-admin-perm-loan-update,role-admin,perm-loan-update,PERMISSION_TYPE_ALLOW,true
rp-role-admin-perm-loan-delete,role-admin,perm-loan-delete,PERMISSION_TYPE_ALLOW,true
rp-role-admin-perm-loan-list,role-admin,perm-loan-list,PERMISSION_TYPE_ALLOW,true
rp-role-admin-perm-equity-create,role-admin,perm-equity-create,PERMISSION_TYPE_ALLOW,true
rp-role-admin-perm-equity-read,role-admin,perm-equity-read,PERMISSION_TYPE_ALLOW,true
rp-role-admin-perm-equity-update,role-admin,perm-equity-update,PERMISSION_TYPE_ALLOW,true
rp-role-admin-perm-equity-delete,role-admin,perm-equity-delete,PERMISSION_TYPE_ALLOW,true
rp-role-admin-perm-equity-list,role-admin,perm-equity-list,PERMISSION_TYPE_ALLOW,true
rp-role-admin-perm-payroll-create,role-admin,perm-payroll-create,PERMISSION_TYPE_ALLOW,true
rp-role-admin-perm-payroll-read,role-admin,perm-payroll-read,PERMISSION_TYPE_ALLOW,true
rp-role-admin-perm-payroll-update,role-admin,perm-payroll-update,PERMISSION_TYPE_ALLOW,true
rp-role-admin-perm-payroll-delete,role-admin,perm-payroll-delete,PERMISSION_TYPE_ALLOW,true
rp-role-admin-perm-payroll-list,role-admin,perm-payroll-list,PERMISSION_TYPE_ALLOW,true
rp-role-admin-perm-petty_cash-create,role-admin,perm-petty_cash-create,PERMISSION_TYPE_ALLOW,true
rp-role-admin-perm-petty_cash-read,role-admin,perm-petty_cash-read,PERMISSION_TYPE_ALLOW,true
rp-role-admin-perm-petty_cash-update,role-admin,perm-petty_cash-update,PERMISSION_TYPE_ALLOW,true
rp-role-admin-perm-petty_cash-delete,role-admin,perm-petty_cash-delete,PERMISSION_TYPE_ALLOW,true
rp-role-admin-perm-petty_cash-list,role-admin,perm-petty_cash-list,PERMISSION_TYPE_ALLOW,true
rp-role-admin-perm-prepayment-create,role-admin,perm-prepayment-create,PERMISSION_TYPE_ALLOW,true
rp-role-admin-perm-prepayment-read,role-admin,perm-prepayment-read,PERMISSION_TYPE_ALLOW,true
rp-role-admin-perm-prepayment-update,role-admin,perm-prepayment-update,PERMISSION_TYPE_ALLOW,true
rp-role-admin-perm-prepayment-delete,role-admin,perm-prepayment-delete,PERMISSION_TYPE_ALLOW,true
rp-role-admin-perm-prepayment-list,role-admin,perm-prepayment-list,PERMISSION_TYPE_ALLOW,true
rp-role-admin-perm-deposit-create,role-admin,perm-deposit-create,PERMISSION_TYPE_ALLOW,true
rp-role-admin-perm-deposit-read,role-admin,perm-deposit-read,PERMISSION_TYPE_ALLOW,true
rp-role-admin-perm-deposit-update,role-admin,perm-deposit-update,PERMISSION_TYPE_ALLOW,true
rp-role-admin-perm-deposit-delete,role-admin,perm-deposit-delete,PERMISSION_TYPE_ALLOW,true
rp-role-admin-perm-deposit-list,role-admin,perm-deposit-list,PERMISSION_TYPE_ALLOW,true
rp-role-admin-perm-integration_config-create,role-admin,perm-integration_config-create,PERMISSION_TYPE_ALLOW,true
rp-role-admin-perm-integration_config-read,role-admin,perm-integration_config-read,PERMISSION_TYPE_ALLOW,true
rp-role-admin-perm-integration_config-update,role-admin,perm-integration_config-update,PERMISSION_TYPE_ALLOW,true
rp-role-admin-perm-integration_config-delete,role-admin,perm-integration_config-delete,PERMISSION_TYPE_ALLOW,true
rp-role-admin-perm-integration_config-list,role-admin,perm-integration_config-list,PERMISSION_TYPE_ALLOW,true
rp-role-admin-perm-role_permission-create,role-admin,perm-role_permission-create,PERMISSION_TYPE_ALLOW,true
rp-role-admin-perm-role_permission-read,role-admin,perm-role_permission-read,PERMISSION_TYPE_ALLOW,true
rp-role-admin-perm-role_permission-delete,role-admin,perm-role_permission-delete,PERMISSION_TYPE_ALLOW,true
rp-role-admin-perm-role_permission-list,role-admin,perm-role_permission-list,PERMISSION_TYPE_ALLOW,true
rp-role-admin-perm-event_occurrence-read,role-admin,perm-event_occurrence-read,PERMISSION_TYPE_ALLOW,true
rp-role-admin-perm-event_occurrence-list,role-admin,perm-event_occurrence-list,PERMISSION_TYPE_ALLOW,true
rp-role-admin-perm-fulfillment_return-list,role-admin,perm-fulfillment_return-list,PERMISSION_TYPE_ALLOW,true
rp-role-admin-perm-fulfillment_return-create,role-admin,perm-fulfillment_return-create,PERMISSION_TYPE_ALLOW,true
rp-role-admin-perm-fulfillment_return-read,role-admin,perm-fulfillment_return-read,PERMISSION_TYPE_ALLOW,true
rp-role-admin-perm-reports-view,role-admin,perm-reports-view,PERMISSION_TYPE_ALLOW,true
rp-role-admin-perm-dashboard-view,role-admin,perm-dashboard-view,PERMISSION_TYPE_ALLOW,true
rp-role-admin-perm-ledger-view,role-admin,perm-ledger-view,PERMISSION_TYPE_ALLOW,true
rp-role-admin-perm-journal-post,role-admin,perm-journal-post,PERMISSION_TYPE_ALLOW,true
rp-role-admin-perm-journal-post_manual,role-admin,perm-journal-post_manual,PERMISSION_TYPE_ALLOW,true
rp-role-admin-perm-journal-post_manual_approve,role-admin,perm-journal-post_manual_approve,PERMISSION_TYPE_ALLOW,true
rp-role-admin-perm-journal-reverse,role-admin,perm-journal-reverse,PERMISSION_TYPE_ALLOW,true
rp-role-admin-perm-period-close,role-admin,perm-period-close,PERMISSION_TYPE_ALLOW,true
rp-role-admin-perm-period-reopen,role-admin,perm-period-reopen,PERMISSION_TYPE_ALLOW,true
rp-role-admin-perm-loan-payment,role-admin,perm-loan-payment,PERMISSION_TYPE_ALLOW,true
rp-role-admin-perm-petty_cash-replenish,role-admin,perm-petty_cash-replenish,PERMISSION_TYPE_ALLOW,true
rp-role-admin-perm-deposit-apply,role-admin,perm-deposit-apply,PERMISSION_TYPE_ALLOW,true
rp-role-admin-perm-deposit-refund,role-admin,perm-deposit-refund,PERMISSION_TYPE_ALLOW,true
rp-role-admin-perm-bad_debt-configure,role-admin,perm-bad_debt-configure,PERMISSION_TYPE_ALLOW,true
rp-role-admin-perm-bad_debt-provision,role-admin,perm-bad_debt-provision,PERMISSION_TYPE_ALLOW,true
rp-role-admin-perm-payroll-approve,role-admin,perm-payroll-approve,PERMISSION_TYPE_ALLOW,true
rp-role-admin-perm-payroll-post,role-admin,perm-payroll-post,PERMISSION_TYPE_ALLOW,true
rp-role-admin-perm-fulfillment-transition,role-admin,perm-fulfillment-transition,PERMISSION_TYPE_ALLOW,true
rp-role-admin-perm-integration-view,role-admin,perm-integration-view,PERMISSION_TYPE_ALLOW,true
rp-role-admin-perm-integration-manage,role-admin,perm-integration-manage,PERMISSION_TYPE_ALLOW,true
rp-role-admin-perm-audit_trail-read,role-admin,perm-audit_trail-read,PERMISSION_TYPE_ALLOW,true
rp-role-admin-perm-audit_trail-export,role-admin,perm-audit_trail-export,PERMISSION_TYPE_ALLOW,true
